date,min,max,median,q1,q3,stdev,count
2024-02-01T00:00:00.000Z,0.6,33.83,1.44,0.93,3.95,4.568,164
2024-02-02T00:00:00.000Z,0.47,2.78,0.82,0.7,1,0.279,395
2024-02-03T00:00:00.000Z,0.22,2.25,0.6,0.5,0.75,0.26,401
2024-02-04T00:00:00.000Z,0,1.4,0.2,0.2,0.32,0.184,444
2024-02-05T00:00:00.000Z,0,2.72,0.3,0.2,0.5,0.529,366
2024-02-06T00:00:00.000Z,0.47,2.35,0.7,0.6,0.88,0.31,42
2024-02-07T00:00:00.000Z,0.6,2.7,1.15,1,1.55,0.449,186
2024-02-08T00:00:00.000Z,0.4,2.45,1.4,1.01,1.72,0.494,48
2024-02-09T00:00:00.000Z,1.6,14.05,5.43,3.95,8.13,3.128,171
2024-02-12T00:00:00.000Z,1.27,3.22,2.04,1.84,2.29,0.414,41
2024-02-13T00:00:00.000Z,0.3,1.2,0.63,0.55,0.72,0.177,76
2024-02-15T00:00:00.000Z,0.8,0.95,0.9,0.82,0.9,0.049,7
2024-02-17T00:00:00.000Z,0.4,0.8,0.55,0.5,0.65,0.114,30
2024-02-18T00:00:00.000Z,0.4,1.35,0.7,0.6,0.89,0.179,221
2024-02-23T00:00:00.000Z,0.4,0.8,0.56,0.5,0.63,0.112,10
2024-02-29T00:00:00.000Z,1.42,3.03,2.1,1.88,2.38,0.339,206
2024-03-01T00:00:00.000Z,1.73,3.17,2.47,2.2,2.7,0.346,87
2024-03-03T00:00:00.000Z,1.55,1.92,1.73,1.58,1.89,0.141,5
2024-03-04T00:00:00.000Z,34.2,37.78,35.78,34.42,36.81,1.243,5
2024-03-05T00:00:00.000Z,0.8,12.88,1.57,1.3,2.25,1.177,288
2024-03-06T00:00:00.000Z,0.56,5.43,2.92,1.75,3.6,1.257,488
2024-03-07T00:00:00.000Z,3.17,12.48,4.84,4.3,5.3,1.006,489
2024-03-08T00:00:00.000Z,1.77,5.18,3.25,2.54,3.63,0.669,501
2024-03-09T00:00:00.000Z,0.77,4.72,1.67,1.23,2,0.505,497
2024-03-10T00:00:00.000Z,0.6,115.43,2.29,1.38,5.74,12.165,493
2024-03-11T00:00:00.000Z,0.22,5.8,0.98,0.6,1.8,1.196,492
2024-03-12T00:00:00.000Z,0.3,142.18,0.7,0.6,1.47,21.708,497
2024-03-13T00:00:00.000Z,3.28,8.35,5.15,4.07,6.77,1.411,49
2024-03-16T00:00:00.000Z,0.5,2.2,0.98,0.8,1.42,0.433,116
2024-03-17T00:00:00.000Z,0.3,122.2,1.08,0.63,4.05,25.71,490
2024-03-18T00:00:00.000Z,2.1,486.55,12.8,8.05,23.69,40.517,505
2024-03-19T00:00:00.000Z,0.9,14.1,3.75,1.63,5.13,2.811,491
2024-03-20T00:00:00.000Z,0.9,5.68,2.33,1.4,3.08,1,483
2024-03-21T00:00:00.000Z,0.7,5.57,1.55,1.14,1.83,0.594,467
2024-03-22T00:00:00.000Z,0.8,122.88,1.5,1.1,2.1,6.38,413
2024-03-23T00:00:00.000Z,0.15,4.07,0.95,0.6,1.65,0.605,461
2024-03-24T00:00:00.000Z,0.1,122.88,1.17,0.3,4.9,20.966,487
2024-03-25T00:00:00.000Z,0.2,59.38,0.63,0.5,1.92,5.335,498
2024-03-26T00:00:00.000Z,0.5,2.47,1.02,0.85,1.2,0.244,495
2024-03-27T00:00:00.000Z,0.3,2.5,0.85,0.7,1,0.295,495
2024-03-28T00:00:00.000Z,0.13,2.67,0.6,0.43,0.8,0.302,503
2024-03-29T00:00:00.000Z,0.25,2.15,0.52,0.4,0.7,0.261,307
2024-03-30T00:00:00.000Z,0.2,3.65,0.98,0.7,1.4,0.531,494
2024-03-31T00:00:00.000Z,0.38,1.73,0.88,0.73,1,0.23,480
2024-04-01T00:00:00.000Z,0.08,8.4,0.5,0.35,0.8,0.553,479
2024-04-02T00:00:00.000Z,0.03,14.27,0.4,0.22,0.85,1.149,494
2024-04-03T00:00:00.000Z,0.1,1.6,0.4,0.3,0.47,0.164,492
2024-04-04T00:00:00.000Z,0.1,13.25,0.63,0.3,1.1,1.095,481
2024-04-05T00:00:00.000Z,0.2,6.57,0.56,0.45,0.77,0.5,477
2024-04-06T00:00:00.000Z,0.2,1.92,0.73,0.54,0.9,0.272,473
2024-04-07T00:00:00.000Z,0.6,5.09,1.42,1.1,1.7,0.469,495
2024-04-08T00:00:00.000Z,0.7,6.88,1.73,1.23,2.22,0.74,507
2024-04-09T00:00:00.000Z,0.15,4.95,1.4,0.74,2.27,1.078,505
2024-04-10T00:00:00.000Z,0.15,2.38,0.63,0.5,0.8,0.291,495
2024-04-11T00:00:00.000Z,0.32,46.72,0.73,0.6,0.99,5.328,509
2024-04-12T00:00:00.000Z,0.35,41.8,1.1,0.8,1.48,1.989,497
2024-04-13T00:00:00.000Z,0.6,9.1,1.45,1.1,1.8,0.646,502
2024-04-14T00:00:00.000Z,0.82,5.95,1.6,1.35,1.9,0.779,486
2024-04-15T00:00:00.000Z,0.7,492.5,1.7,1.1,4.34,24.829,522
2024-04-16T00:00:00.000Z,0.2,643.28,1.72,0.6,55.92,91.857,506
2024-04-17T00:00:00.000Z,0.2,45.3,2.1,0.95,9.18,10.262,503
2024-04-18T00:00:00.000Z,0.1,3,0.63,0.4,1.12,0.562,503
2024-04-19T00:00:00.000Z,0.1,2.27,0.5,0.38,0.77,0.308,503
2024-04-20T00:00:00.000Z,0,1.25,0.2,0.2,0.35,0.145,481
2024-04-21T00:00:00.000Z,0.15,45,0.7,0.4,0.97,2.112,488
2024-04-22T00:00:00.000Z,0.3,1.9,0.8,0.65,0.95,0.214,502
2024-04-23T00:00:00.000Z,0.73,3.58,1.5,1.3,1.77,0.519,505
2024-04-24T00:00:00.000Z,0.38,2.38,0.85,0.63,1.34,0.404,488
2024-04-25T00:00:00.000Z,0.2,5.22,0.7,0.5,1.1,0.923,493
2024-04-26T00:00:00.000Z,0.3,4.13,0.8,0.6,0.95,0.292,495
2024-04-27T00:00:00.000Z,0.3,24.92,0.8,0.63,1,1.309,491
2024-04-28T00:00:00.000Z,0.3,34.95,1,0.8,3.58,3.508,474
2024-04-29T00:00:00.000Z,0.4,3.75,0.9,0.7,1.29,0.548,469
2024-04-30T00:00:00.000Z,0.5,2.83,1.4,0.9,1.73,0.51,478
2024-05-01T00:00:00.000Z,0.65,4.15,1.63,1.23,2.02,0.586,498
2024-05-02T00:00:00.000Z,0.15,4.63,1.3,0.64,1.79,0.726,516
2024-05-03T00:00:00.000Z,0.1,3.2,0.4,0.3,0.6,0.343,520
2024-05-04T00:00:00.000Z,0.15,2.2,0.82,0.5,1,0.355,321
2024-05-05T00:00:00.000Z,0.4,26.05,1.5,0.9,2.6,2.434,414
2024-05-06T00:00:00.000Z,0.05,1.77,0.4,0.3,0.55,0.208,521
2024-05-07T00:00:00.000Z,0,1.48,0.3,0.2,0.5,0.203,512
2024-05-08T00:00:00.000Z,0.8,3.78,1.73,1.48,1.95,0.37,499
2024-05-09T00:00:00.000Z,0.85,3.38,1.58,1.4,1.75,0.3,517
2024-05-10T00:00:00.000Z,1.2,4.97,1.8,1.6,2.22,0.48,506
2024-05-11T00:00:00.000Z,0.9,3,1.7,1.4,2.04,0.439,503
2024-05-12T00:00:00.000Z,1.4,91.9,2.42,1.85,4.73,8.841,505
2024-05-13T00:00:00.000Z,0.82,9.98,2.35,1.77,2.72,1.064,509
2024-05-14T00:00:00.000Z,0.3,2.5,1.1,0.88,1.3,0.334,514
2024-05-15T00:00:00.000Z,0.25,1.25,0.5,0.4,0.6,0.143,514
2024-05-16T00:00:00.000Z,0.47,2.2,1.02,0.85,1.4,0.355,512
2024-05-17T00:00:00.000Z,0.1,2.02,0.5,0.28,1.3,0.539,494
2024-05-18T00:00:00.000Z,0.03,0.98,0.2,0.2,0.3,0.093,498
2024-05-19T00:00:00.000Z,0.1,0.88,0.3,0.2,0.32,0.097,506
2024-05-20T00:00:00.000Z,0.1,1.12,0.32,0.3,0.45,0.13,515
2024-05-21T00:00:00.000Z,0.13,1.23,0.5,0.4,0.63,0.171,507
2024-05-22T00:00:00.000Z,0.1,1.17,0.4,0.3,0.46,0.12,509
2024-05-23T00:00:00.000Z,0.17,0.95,0.4,0.35,0.5,0.109,511
2024-05-24T00:00:00.000Z,0.17,1.3,0.5,0.4,0.6,0.17,508
2024-05-25T00:00:00.000Z,0.22,1,0.52,0.5,0.6,0.109,500
2024-05-26T00:00:00.000Z,0.3,1.2,0.6,0.5,0.7,0.137,507
2024-05-27T00:00:00.000Z,0.6,2.7,1.17,0.95,1.4,0.306,510
2024-05-28T00:00:00.000Z,0.2,1.23,0.55,0.4,0.7,0.182,521
2024-05-29T00:00:00.000Z,0.17,0.98,0.4,0.32,0.5,0.131,517
2024-05-30T00:00:00.000Z,0.1,0.73,0.38,0.3,0.45,0.121,516
2024-05-31T00:00:00.000Z,0.1,0.73,0.28,0.2,0.3,0.109,492
2024-06-01T00:00:00.000Z,0.1,0.82,0.4,0.3,0.47,0.119,486
2024-06-02T00:00:00.000Z,0.3,1.12,0.6,0.5,0.7,0.151,485
2024-06-03T00:00:00.000Z,0.6,2.85,1.6,1.24,1.8,0.4,500
2024-06-04T00:00:00.000Z,1.3,2.9,1.92,1.77,2.13,0.264,503
2024-06-05T00:00:00.000Z,1.2,2.85,1.88,1.67,2.1,0.308,515
2024-06-06T00:00:00.000Z,1,2.8,1.8,1.5,2.08,0.391,516
2024-06-07T00:00:00.000Z,0.5,1.85,0.9,0.8,1.02,0.182,514
2024-06-08T00:00:00.000Z,0.8,2.2,1.25,1.1,1.48,0.251,519
2024-06-09T00:00:00.000Z,0.8,2.63,1.6,1.4,1.75,0.261,532
2024-06-10T00:00:00.000Z,0.75,2.7,1.5,1.17,1.85,0.389,518
2024-06-11T00:00:00.000Z,0.2,1.2,0.5,0.4,0.68,0.199,524
2024-06-12T00:00:00.000Z,0.28,1.1,0.52,0.47,0.63,0.132,527
2024-06-13T00:00:00.000Z,0.3,1.8,0.68,0.56,0.8,0.21,513
2024-06-14T00:00:00.000Z,0.3,1.12,0.65,0.56,0.75,0.137,508
2024-06-15T00:00:00.000Z,0.2,1.4,0.6,0.5,0.77,0.231,451
2024-06-16T00:00:00.000Z,0.2,1,0.4,0.32,0.5,0.131,522
2024-06-17T00:00:00.000Z,0.2,1.14,0.5,0.4,0.6,0.136,519
2024-06-18T00:00:00.000Z,0.2,2.42,0.6,0.4,1.15,0.485,524
2024-06-19T00:00:00.000Z,0.6,2.63,1.07,0.9,1.27,0.303,530
2024-06-20T00:00:00.000Z,0.7,3.75,2.13,1.4,2.4,0.682,520
2024-06-21T00:00:00.000Z,0.4,3.42,2.13,1.2,2.4,0.726,524
2024-06-22T00:00:00.000Z,0.28,1.45,0.65,0.55,0.75,0.187,529
2024-06-23T00:00:00.000Z,0.4,1.5,0.82,0.68,1,0.229,527
2024-06-24T00:00:00.000Z,0.95,3.83,1.55,1.35,1.8,0.353,527
2024-06-25T00:00:00.000Z,0.9,4.09,2.2,1.77,2.78,0.653,519
2024-06-26T00:00:00.000Z,1.48,4.97,2.54,2.17,3.38,0.767,519
2024-06-27T00:00:00.000Z,1.14,14.82,3.48,1.89,6.72,2.912,520
2024-06-28T00:00:00.000Z,1.02,5.3,3.55,3,4.05,1.052,514
2024-06-29T00:00:00.000Z,1.77,8.13,3.47,2.96,5,1.227,508
2024-06-30T00:00:00.000Z,0.22,6.38,1.48,1.05,1.9,0.951,513
2024-07-01T00:00:00.000Z,0.3,6.43,1.1,0.7,2.78,1.194,515
2024-07-02T00:00:00.000Z,0.43,2.83,0.9,0.73,1.3,0.378,519
2024-07-03T00:00:00.000Z,0.2,2.15,0.55,0.45,0.7,0.22,526
2024-07-04T00:00:00.000Z,0.22,2.42,0.77,0.5,1.02,0.345,522
2024-07-05T00:00:00.000Z,0.2,1.7,0.9,0.72,1,0.27,521
2024-07-06T00:00:00.000Z,0.6,1.98,1.08,0.9,1.3,0.311,523
2024-07-07T00:00:00.000Z,0.38,2.47,0.93,0.7,1.27,0.393,531
2024-07-08T00:00:00.000Z,0.25,2.42,0.94,0.7,1.14,0.339,516
2024-07-09T00:00:00.000Z,0.47,5.35,2.75,1.77,3.7,1.265,521
2024-07-10T00:00:00.000Z,1.52,650.88,2.95,2.45,4.55,37.12,522
2024-07-11T00:00:00.000Z,0.95,3.65,1.83,1.5,2.35,0.554,519
2024-07-12T00:00:00.000Z,0.7,5.97,2.1,1.2,3.66,1.287,512
2024-07-13T00:00:00.000Z,0.5,2.35,0.9,0.8,1,0.205,516
2024-07-14T00:00:00.000Z,0.45,50.28,0.9,0.75,1.1,3.239,507
2024-07-15T00:00:00.000Z,0.5,37.22,1.6,1.17,2.72,2.778,499
2024-07-16T00:00:00.000Z,0.75,4.4,1.88,1.5,2.29,0.606,508
2024-07-17T00:00:00.000Z,0.47,2.67,0.9,0.8,1.1,0.305,496
2024-07-18T00:00:00.000Z,0.4,4,1.38,1.08,1.58,0.421,520
2024-07-19T00:00:00.000Z,0.8,3.2,1.95,1.54,2.37,0.56,509
2024-07-20T00:00:00.000Z,1.85,6.8,3.76,3.15,4.44,1.033,496
2024-07-21T00:00:00.000Z,2.13,6.22,3.3,2.9,3.9,0.687,500
2024-07-22T00:00:00.000Z,1.2,159.75,2.2,1.9,2.84,7.714,500
2024-07-23T00:00:00.000Z,0.56,7.03,1.2,1,1.4,0.46,514
2024-07-24T00:00:00.000Z,0.4,10.43,1.5,1.23,1.77,0.69,507
2024-07-25T00:00:00.000Z,0.55,2.92,1.3,1.1,1.48,0.369,520
2024-07-26T00:00:00.000Z,0.7,3.35,1.8,1.42,2.2,0.539,511
2024-07-27T00:00:00.000Z,1.17,5.15,2.88,2.2,3.5,0.907,513
2024-07-28T00:00:00.000Z,0.6,83.32,1.73,1.5,2.08,3.95,503
2024-07-29T00:00:00.000Z,1.08,12.5,1.9,1.5,2.39,0.868,521
2024-07-30T00:00:00.000Z,0.77,2.75,1.4,1.2,1.73,0.378,521
2024-07-31T00:00:00.000Z,0.77,4.13,1.88,1.45,2.29,0.624,523
2024-08-01T00:00:00.000Z,0.8,3.95,1.88,1.51,2.2,0.575,521
2024-08-02T00:00:00.000Z,0.77,3,1.85,1.5,2.2,0.447,517
2024-08-03T00:00:00.000Z,1.14,6,2.41,2.1,2.95,0.858,522
2024-08-04T00:00:00.000Z,1.2,6.22,3.26,2.1,4.43,1.253,520
2024-08-05T00:00:00.000Z,0.8,11.07,1.77,1.5,2.02,0.676,516
2024-08-06T00:00:00.000Z,0.95,3.53,1.77,1.48,2.08,0.414,510
2024-08-07T00:00:00.000Z,0.93,3.67,2.17,1.75,2.54,0.572,520
2024-08-08T00:00:00.000Z,1.3,3.97,2.13,1.7,3,0.7,517
2024-08-09T00:00:00.000Z,0.8,17.88,1.58,1.3,2.04,1.599,521
2024-08-10T00:00:00.000Z,0.77,133.43,1.92,1.55,2.45,7.385,507
2024-08-11T00:00:00.000Z,1.14,155.63,1.95,1.63,2.57,12.923,520
2024-08-12T00:00:00.000Z,1,5.88,1.85,1.52,2.4,0.678,516
2024-08-13T00:00:00.000Z,0.9,50.8,2.95,2.45,3.47,2.695,523
2024-08-14T00:00:00.000Z,1.1,4.43,1.98,1.7,2.35,0.496,499
2024-08-15T00:00:00.000Z,0.95,4.78,2.85,2.13,3.42,0.867,471
2024-08-16T00:00:00.000Z,1.75,40.33,3.15,2.63,3.7,2.094,448
2024-08-17T00:00:00.000Z,1.05,22.55,1.87,1.5,2.35,1.157,504
2024-08-18T00:00:00.000Z,0.52,4.13,1.35,1.1,1.9,0.697,510
2024-08-19T00:00:00.000Z,0.2,1.85,0.7,0.51,1.07,0.361,496
2024-08-20T00:00:00.000Z,0.55,1.9,1.14,1,1.3,0.203,514
2024-08-21T00:00:00.000Z,0.52,1.9,1.1,0.95,1.3,0.242,495
2024-08-22T00:00:00.000Z,0.6,224.8,1.6,1.27,2.4,22.704,502
2024-08-23T00:00:00.000Z,1.48,8.27,3.25,2.54,3.97,0.948,511
2024-08-24T00:00:00.000Z,2.22,149.43,4.05,3.35,4.78,6.98,521
2024-08-25T00:00:00.000Z,0.82,117,3.3,1.5,6.27,11.274,521
2024-08-26T00:00:00.000Z,1.1,18.17,1.98,1.65,2.35,1.316,506
2024-08-27T00:00:00.000Z,0.88,19.32,2.04,1.58,3.08,1.913,511
2024-08-28T00:00:00.000Z,1.8,5.72,3.58,2.92,4.38,0.932,509
2024-08-29T00:00:00.000Z,2.83,74.22,4.82,3.65,6.65,9.077,507
2024-08-30T00:00:00.000Z,2.47,7.15,4.15,3.5,5.05,1.083,507
2024-08-31T00:00:00.000Z,2.92,10.85,6.47,5.25,7.1,1.441,514
2024-09-01T00:00:00.000Z,3.65,10.68,6.95,5.9,7.89,1.461,512
2024-09-02T00:00:00.000Z,2.29,10.43,5.09,3.97,6.68,2.11,507
2024-09-03T00:00:00.000Z,1.85,40.63,3.53,2.8,4.09,2.397,509
2024-09-04T00:00:00.000Z,2.2,11.3,5.05,4.05,6.72,2.019,519
2024-09-05T00:00:00.000Z,2.83,10.32,4.25,3.71,5.59,1.709,509
2024-09-06T00:00:00.000Z,2.67,7.5,3.58,3.28,4.13,0.93,507
2024-09-07T00:00:00.000Z,2.4,5.7,3.5,3.13,3.97,0.635,451
2024-09-08T00:00:00.000Z,2.47,6.43,3.95,3.33,4.96,0.902,505
2024-09-09T00:00:00.000Z,0.2,169.1,0.87,0.5,1.5,15.152,512
2024-09-10T00:00:00.000Z,0.1,15.3,0.85,0.6,1.37,1.565,497
2024-09-11T00:00:00.000Z,0.52,46.58,1.3,1.02,2.47,2.939,519
2024-09-12T00:00:00.000Z,0.2,658.58,0.63,0.5,1.35,47.61,519
2024-09-13T00:00:00.000Z,0.1,1.88,0.6,0.4,0.8,0.269,492
2024-09-14T00:00:00.000Z,0.1,2.08,0.5,0.35,0.63,0.238,517
2024-09-15T00:00:00.000Z,0.2,2,0.7,0.52,0.82,0.248,505
2024-09-16T00:00:00.000Z,0.1,1.38,0.4,0.3,0.52,0.168,504
2024-09-17T00:00:00.000Z,0.28,1.63,0.65,0.5,0.8,0.225,501
2024-09-18T00:00:00.000Z,1,3.35,1.63,1.4,1.8,0.311,487
2024-09-19T00:00:00.000Z,1.42,3.58,2.25,2.02,2.52,0.34,513
2024-09-20T00:00:00.000Z,1.1,3.78,2.27,1.75,2.83,0.605,512
2024-09-21T00:00:00.000Z,1.14,4.32,1.85,1.67,2,0.335,519
2024-09-22T00:00:00.000Z,1.25,4,2.04,1.85,2.27,0.349,514
2024-09-23T00:00:00.000Z,1.05,3.45,1.65,1.45,1.83,0.281,512
2024-09-24T00:00:00.000Z,0.52,2.38,1.1,0.9,1.52,0.407,504
2024-09-25T00:00:00.000Z,0.6,1.92,0.93,0.8,1.1,0.182,507
2024-09-26T00:00:00.000Z,0.22,1.12,0.7,0.55,0.8,0.182,505
2024-09-27T00:00:00.000Z,0,1.17,0.2,0.2,0.3,0.131,380
2024-09-28T00:00:00.000Z,0.1,1.4,0.3,0.2,0.44,0.201,348
2024-09-29T00:00:00.000Z,0.25,1.55,0.75,0.6,0.9,0.236,513
2024-09-30T00:00:00.000Z,0.3,1.35,0.63,0.55,0.77,0.168,506
2024-10-01T00:00:00.000Z,0.3,1.58,0.7,0.6,0.8,0.159,503
2024-10-02T00:00:00.000Z,0.17,1.12,0.5,0.4,0.68,0.186,489
2024-10-03T00:00:00.000Z,0.4,1.08,0.7,0.6,0.8,0.121,496
2024-10-04T00:00:00.000Z,0.3,1.35,0.6,0.5,0.7,0.166,496
2024-10-05T00:00:00.000Z,0.4,1.85,0.75,0.6,0.93,0.288,495
2024-10-06T00:00:00.000Z,0.7,3.42,1.55,1.33,1.75,0.458,500
2024-10-07T00:00:00.000Z,0.4,3.08,1.1,0.8,1.59,0.6,509
2024-10-08T00:00:00.000Z,0.2,1,0.55,0.47,0.67,0.138,512
2024-10-09T00:00:00.000Z,0.05,0.7,0.22,0.2,0.3,0.095,490
2024-10-10T00:00:00.000Z,0,0.75,0.2,0.15,0.3,0.09,503
2024-10-11T00:00:00.000Z,0.03,1.6,0.22,0.2,0.44,0.335,485
2024-10-12T00:00:00.000Z,0.2,1.35,0.6,0.5,0.8,0.233,512
2024-10-13T00:00:00.000Z,0.13,1.2,0.5,0.4,0.6,0.139,492
2024-10-14T00:00:00.000Z,0.3,1.8,0.7,0.6,0.8,0.176,498
2024-10-15T00:00:00.000Z,0.2,1.95,0.6,0.5,0.7,0.188,501
2024-10-16T00:00:00.000Z,0.3,1.73,0.7,0.6,0.8,0.183,498
2024-10-17T00:00:00.000Z,0.6,2.45,0.9,0.8,1,0.159,505
2024-10-18T00:00:00.000Z,0.82,3.03,1.67,1.45,1.88,0.312,500
2024-10-19T00:00:00.000Z,1.14,3.78,2,1.73,2.29,0.477,511
2024-10-20T00:00:00.000Z,1.2,3.17,1.8,1.65,1.98,0.284,501
2024-10-21T00:00:00.000Z,1.2,2.8,1.85,1.67,2.08,0.276,495
2024-10-22T00:00:00.000Z,1.17,3.1,1.77,1.63,2,0.263,508
2024-10-23T00:00:00.000Z,0.4,1.6,0.93,0.8,1.1,0.22,498
2024-10-24T00:00:00.000Z,0.9,2.78,1.42,1.2,1.9,0.411,490
2024-10-25T00:00:00.000Z,1.63,3.67,2.69,2.4,2.92,0.371,468
2024-10-26T00:00:00.000Z,1.52,2.97,2.22,2.08,2.4,0.245,501
2024-10-27T00:00:00.000Z,1.6,3.53,2.33,2.13,2.52,0.293,502
2024-10-28T00:00:00.000Z,1.14,2.75,1.8,1.65,1.98,0.24,485
2024-10-29T00:00:00.000Z,0.4,2.08,1,0.8,1.3,0.333,498
2024-10-30T00:00:00.000Z,0.8,2.63,1.6,1.3,1.83,0.346,497
2024-10-31T00:00:00.000Z,0.65,1.85,1.1,0.93,1.3,0.237,497
2024-11-01T00:00:00.000Z,0.8,3.58,2.4,2,2.6,0.519,497
2024-11-02T00:00:00.000Z,0.63,2.5,1.1,0.9,1.48,0.368,494
2024-11-03T00:00:00.000Z,0.7,3.65,1.14,1,1.4,0.361,509
2024-11-04T00:00:00.000Z,1.08,2.29,1.6,1.5,1.77,0.206,494
2024-11-05T00:00:00.000Z,1.3,3.38,2.16,1.95,2.52,0.38,422
2024-11-06T00:00:00.000Z,0.8,2.45,1.48,1.27,1.8,0.317,410
2024-11-07T00:00:00.000Z,0.4,1.42,0.8,0.7,1,0.197,489
2024-11-08T00:00:00.000Z,0.55,591.88,2.47,1.13,19.23,34.314,441
2024-11-09T00:00:00.000Z,5.32,18.55,8.53,7.32,10.26,2.55,424
2024-11-10T00:00:00.000Z,3.8,16,6.18,5.38,7.39,2.269,405
2024-11-11T00:00:00.000Z,3.4,11.48,6.99,5.96,8.15,1.617,460
2024-11-12T00:00:00.000Z,2.25,7.28,3.14,2.83,3.55,0.665,358
2024-11-13T00:00:00.000Z,1.65,7.4,3.35,2.85,4.18,0.966,403
2024-11-14T00:00:00.000Z,0.93,5.22,1.99,1.67,2.2,0.577,378
2024-11-15T00:00:00.000Z,0.55,12.02,1.75,1.1,2.64,1.197,476
2024-11-16T00:00:00.000Z,0.8,3,1.4,1.2,1.6,0.336,490
2024-11-17T00:00:00.000Z,0.98,427.33,2.83,1.63,9.52,21.863,492
2024-11-18T00:00:00.000Z,0.56,10.02,1.85,1.2,4.18,2.071,489
2024-11-19T00:00:00.000Z,0,1.85,0.6,0.4,0.8,0.336,446
2024-11-20T00:00:00.000Z,0,2.65,0.68,0.2,1.1,0.57,440
2024-11-21T00:00:00.000Z,0.1,2.15,0.5,0.34,0.73,0.266,429
2024-11-22T00:00:00.000Z,0.28,6,0.77,0.6,1.1,0.728,454
2024-11-23T00:00:00.000Z,0.05,88.55,1.35,0.7,2.08,6.629,352
2024-11-24T00:00:00.000Z,0.45,2.63,1.02,0.82,1.4,0.437,450
2024-11-25T00:00:00.000Z,0.95,27,2,1.55,2.47,1.584,403
2024-11-26T00:00:00.000Z,1.52,6.18,2.52,2.08,3,0.959,510
2024-11-27T00:00:00.000Z,1.02,7.03,1.95,1.58,3.05,1.092,519
2024-11-28T00:00:00.000Z,0.2,3,0.79,0.45,1.3,0.655,516
2024-11-29T00:00:00.000Z,0.1,83.95,1.4,0.4,2.4,5.727,524
2024-11-30T00:00:00.000Z,0.82,13.77,1.73,1.48,2.2,1.617,507
2024-12-01T00:00:00.000Z,1.3,8.44,2.35,2,2.67,0.778,376
2024-12-02T00:00:00.000Z,1.2,4.13,1.88,1.65,2.22,0.461,511
2024-12-03T00:00:00.000Z,0.4,4.25,1.9,1.5,2.29,0.648,502
2024-12-04T00:00:00.000Z,0.1,2.25,0.77,0.5,1.02,0.399,504
2024-12-05T00:00:00.000Z,0.4,597.78,2.02,1.08,2.82,33.984,508
2024-12-06T00:00:00.000Z,0.15,3.22,0.9,0.63,1.2,0.448,510
2024-12-07T00:00:00.000Z,0.2,198.45,2.9,0.63,8.82,13.505,499
2024-12-08T00:00:00.000Z,0.55,22.73,1.7,1.2,2.2,1.228,512
2024-12-09T00:00:00.000Z,0.5,10.88,2.35,1.1,3.17,1.529,503
2024-12-10T00:00:00.000Z,0.5,25.17,1.2,0.93,1.67,1.86,506
2024-12-11T00:00:00.000Z,0.7,50.55,2.2,1.6,2.63,2.356,514
2024-12-12T00:00:00.000Z,1.33,25.17,2.2,1.85,3.42,2.063,513
2024-12-13T00:00:00.000Z,1.6,27.55,3.15,2.6,3.97,1.756,498
2024-12-14T00:00:00.000Z,1.6,7.6,2.63,2.27,3.25,0.913,478
2024-12-15T00:00:00.000Z,0.35,72.18,1.45,0.93,2.4,5.681,509
2024-12-16T00:00:00.000Z,0.1,2.5,0.5,0.3,0.7,0.311,482
2024-12-17T00:00:00.000Z,0.2,55.1,0.85,0.5,1.3,3.276,510
2024-12-18T00:00:00.000Z,0.4,3.9,1.37,0.85,1.7,0.647,504
2024-12-19T00:00:00.000Z,0.3,2.27,1.25,1.08,1.4,0.31,265
2024-12-20T00:00:00.000Z,0.08,1.9,0.56,0.3,0.93,0.426,407
2024-12-21T00:00:00.000Z,0.3,35.17,1,0.56,1.8,2.845,482
2024-12-22T00:00:00.000Z,0.2,7.32,0.68,0.5,1,0.673,518
2024-12-23T00:00:00.000Z,0.1,10.18,1.14,0.4,1.77,1.1,503
2024-12-24T00:00:00.000Z,0.22,287.63,1.45,0.75,10.3,18.422,507
2024-12-25T00:00:00.000Z,1.12,6.55,2.5,1.95,3.42,1.172,515
2024-12-26T00:00:00.000Z,0.6,4.5,1.45,1.1,2.09,0.634,505
2024-12-27T00:00:00.000Z,1.52,8.88,2.6,2.17,3.05,1.07,525
2024-12-28T00:00:00.000Z,1.88,52.22,3.33,2.8,4.18,5.207,513
2024-12-29T00:00:00.000Z,1.83,4.9,3.08,2.5,3.8,0.723,423
2024-12-30T00:00:00.000Z,1,223.7,5.3,1.73,23.02,25.673,313
2024-12-31T00:00:00.000Z,1.4,81.38,2.78,2.4,3.33,7.083,368
2025-01-01T00:00:00.000Z,4.59,306.48,8.14,6.3,20.49,24.829,488
2025-01-02T00:00:00.000Z,0.6,5.57,2.14,1.21,3.45,1.277,508
2025-01-03T00:00:00.000Z,0.2,2.9,0.6,0.5,0.73,0.259,516
2025-01-04T00:00:00.000Z,0.2,69.55,2.58,0.56,9.35,13.442,491
2025-01-05T00:00:00.000Z,0.93,16.2,1.8,1.4,2.7,1.629,483
2025-01-06T00:00:00.000Z,0.82,6.03,1.63,1.23,1.88,0.589,494
2025-01-07T00:00:00.000Z,0.4,7.85,1.6,1.3,1.92,0.716,479
2025-01-08T00:00:00.000Z,0.3,1.33,0.6,0.5,0.7,0.184,290
2025-02-02T00:00:00.000Z,0.73,3.5,1.58,1.3,1.95,0.554,323
2025-02-03T00:00:00.000Z,1.1,8.13,2.38,1.77,2.8,1.119,507
2025-02-04T00:00:00.000Z,1.12,18.67,2.7,1.88,3.6,3.825,505
2025-02-05T00:00:00.000Z,2.13,22.73,3.78,3.38,4.3,1.999,496
2025-02-06T00:00:00.000Z,0.68,9.93,1.7,1.24,2.76,1.462,501
2025-02-07T00:00:00.000Z,1.35,14.07,2.13,1.85,3.01,1.283,453
2025-02-08T00:00:00.000Z,3.05,19.95,5.4,4.48,6.49,2.418,465
2025-02-09T00:00:00.000Z,3.7,16.82,5.55,4.7,6.22,1.217,563
2025-02-10T00:00:00.000Z,4.18,18.1,6.07,5.32,6.82,1.202,581
2025-02-11T00:00:00.000Z,3.5,11.48,5.47,4.57,6.5,1.467,288
2025-02-12T00:00:00.000Z,2.1,16.52,3.65,2.88,5.08,2.815,496
2025-02-13T00:00:00.000Z,1.1,10.5,2.95,2,6.75,2.718,454
2025-02-14T00:00:00.000Z,1.25,125.72,4.87,3.75,5.56,9.236,300
2025-02-15T00:00:00.000Z,1.92,410.25,3.58,2.88,5.93,36.17,444
2025-02-16T00:00:00.000Z,1.9,6.75,2.97,2.72,3.55,0.79,339
2025-02-17T00:00:00.000Z,1.4,5.72,2.41,2.13,3.17,0.782,434
2025-02-18T00:00:00.000Z,2.27,62.55,3.6,3.03,9.85,9.999,523
2025-02-19T00:00:00.000Z,1.3,14.43,3.05,2.5,3.53,1.301,580
2025-02-20T00:00:00.000Z,1.8,6.9,3.4,2.95,3.8,0.704,577
2025-02-21T00:00:00.000Z,1.75,23.63,3.65,2.92,4.28,2.622,570
2025-02-22T00:00:00.000Z,2.95,152.07,5.05,4.07,7.82,9.636,579
2025-02-23T00:00:00.000Z,3.75,12.7,6.1,5.4,7.14,1.503,585
2025-02-24T00:00:00.000Z,1.88,5.93,3.78,3.05,4.32,0.814,580
2025-02-25T00:00:00.000Z,1,4.95,2.02,1.7,2.31,0.528,573
2025-02-26T00:00:00.000Z,0.1,2.35,0.6,0.4,0.9,0.329,580
2025-02-27T00:00:00.000Z,0.28,3.55,0.8,0.5,1.1,0.45,412
2025-02-28T00:00:00.000Z,0.6,2.47,1.1,0.98,1.25,0.256,102
2025-03-01T00:00:00.000Z,0.4,2.35,0.85,0.7,1.1,0.367,386
2025-03-02T00:00:00.000Z,0.7,3.2,1.25,1,1.5,0.369,575
2025-03-03T00:00:00.000Z,0.52,2.58,1.45,1.3,1.6,0.299,575
2025-03-04T00:00:00.000Z,0.8,2.58,1.45,1.23,1.7,0.354,573
2025-03-05T00:00:00.000Z,0.7,3.1,1.52,1.3,1.8,0.379,577
2025-03-06T00:00:00.000Z,1.67,2.95,2.1,1.98,2.27,0.236,148
2025-03-07T00:00:00.000Z,1.4,7.1,2.5,2.04,3.17,0.854,425
2025-03-08T00:00:00.000Z,1.63,10.35,2.9,2.52,3.91,1.857,569
2025-03-09T00:00:00.000Z,1.42,4.7,2.7,2.2,3.08,0.57,574
2025-03-10T00:00:00.000Z,1.6,4.5,2.22,2.02,2.42,0.381,558
2025-03-11T00:00:00.000Z,0.6,14.7,1.7,1.27,1.99,0.752,584
2025-03-12T00:00:00.000Z,0.4,2.8,1.1,0.93,1.25,0.26,586
2025-03-13T00:00:00.000Z,0.32,3.22,0.9,0.7,1.2,0.577,370
2025-03-14T00:00:00.000Z,0.45,3,1.1,0.9,1.37,0.409,244
2025-03-15T00:00:00.000Z,0.98,1.6,1.17,1.08,1.35,0.185,9
2025-03-18T00:00:00.000Z,0.73,1.7,1.23,1.12,1.38,0.196,69
2025-03-19T00:00:00.000Z,0.4,22.52,1.27,0.93,1.65,2.298,590
2025-03-20T00:00:00.000Z,0.6,11.52,1.6,1.38,2.02,1.093,574
2025-03-21T00:00:00.000Z,0.6,2.8,1.4,1.09,1.6,0.364,593
2025-03-22T00:00:00.000Z,0.8,2.1,1.2,1.1,1.35,0.181,592
2025-03-23T00:00:00.000Z,0.56,2.65,1.52,1.17,1.8,0.445,594
2025-03-24T00:00:00.000Z,0.4,11.55,1,0.8,1.82,1.687,593
2025-03-25T00:00:00.000Z,0.5,4.34,1,0.8,1.17,0.446,593
2025-03-26T00:00:00.000Z,0.8,6.72,2.29,1.5,3.03,1.147,589
2025-03-27T00:00:00.000Z,1.1,2.63,1.7,1.52,1.85,0.252,223
2025-03-28T00:00:00.000Z,1,3.9,1.77,1.5,2.2,0.586,456
2025-03-29T00:00:00.000Z,0.77,4.38,1.92,1.42,2.33,0.612,570
2025-03-30T00:00:00.000Z,0.2,2.9,0.95,0.7,1.35,0.509,364
2025-03-31T00:00:00.000Z,0.2,1.27,0.5,0.4,0.6,0.187,529
2025-04-01T00:00:00.000Z,0.2,2.6,0.6,0.4,1.1,0.519,211
2025-04-02T00:00:00.000Z,1.35,3.65,2.15,1.83,2.45,0.417,178
2025-04-03T00:00:00.000Z,1.05,16.89,2.13,1.73,2.5,0.963,580
2025-04-04T00:00:00.000Z,0.93,5.63,1.5,1.3,1.8,0.491,587
2025-04-05T00:00:00.000Z,0.3,2.2,1.05,0.82,1.25,0.32,550
2025-04-06T00:00:00.000Z,0.1,10.32,0.47,0.32,0.6,0.796,346
2025-04-07T00:00:00.000Z,0.38,9.19,1.63,0.79,3.03,2.138,332
2025-04-08T00:00:00.000Z,0.1,1.45,0.45,0.35,0.6,0.222,581
2025-04-09T00:00:00.000Z,0.2,1.25,0.6,0.5,0.7,0.163,557
2025-04-10T00:00:00.000Z,0.38,1.73,0.7,0.6,0.8,0.202,589
2025-04-11T00:00:00.000Z,0.5,3.75,1.4,1.1,1.95,0.568,586
2025-04-12T00:00:00.000Z,0.68,3.25,1.2,1,1.5,0.362,592
2025-04-13T00:00:00.000Z,0.7,34.33,1.42,1.1,3.5,3.907,570
2025-04-14T00:00:00.000Z,0.9,15.25,1.7,1.48,1.98,0.877,590
2025-04-15T00:00:00.000Z,0.43,2.5,1.13,0.77,1.38,0.359,574
2025-04-16T00:00:00.000Z,0.3,2.85,1,0.77,1.42,0.479,587
2025-04-17T00:00:00.000Z,0.3,8.23,1.6,1,2.29,1.362,593
2025-04-18T00:00:00.000Z,0.22,2.17,0.7,0.5,0.9,0.303,593
2025-04-19T00:00:00.000Z,0.3,27.4,0.95,0.56,1.25,1.495,506
2025-04-20T00:00:00.000Z,0.52,12.98,1.25,1,1.74,1.332,593
2025-04-21T00:00:00.000Z,0.1,1.92,0.65,0.43,0.9,0.329,591
2025-04-22T00:00:00.000Z,0.03,1.65,0.3,0.2,0.4,0.194,594
2025-04-23T00:00:00.000Z,0.2,16.73,0.6,0.4,0.93,0.811,585
2025-04-24T00:00:00.000Z,0,0.7,0.2,0.13,0.25,0.095,592
2025-04-25T00:00:00.000Z,0.1,7.4,0.5,0.3,1.63,1.444,593
2025-04-26T00:00:00.000Z,0.4,2.35,1.2,1,1.38,0.286,592
2025-04-27T00:00:00.000Z,0.4,2.88,1.02,0.8,1.3,0.368,592
2025-04-28T00:00:00.000Z,0.77,2.65,1.27,1.1,1.5,0.303,592
2025-04-29T00:00:00.000Z,0.6,4.18,1.63,1.1,2.04,0.624,592
2025-04-30T00:00:00.000Z,0.65,2.97,1.27,1.02,1.52,0.351,591
2025-05-01T00:00:00.000Z,0.7,46.67,1.6,1.1,3.4,4.046,594
2025-05-02T00:00:00.000Z,1,6.22,1.76,1.45,2.72,1.197,542
2025-05-03T00:00:00.000Z,0.6,3.78,1.58,1.23,2.15,0.666,492
2025-05-04T00:00:00.000Z,0.4,2.65,1.1,0.85,1.35,0.392,593
2025-05-05T00:00:00.000Z,0.28,8.65,0.84,0.56,1.63,1.113,592
2025-05-06T00:00:00.000Z,0.17,85.6,0.6,0.4,1.12,5.328,591
2025-05-07T00:00:00.000Z,0.4,8,0.8,0.68,0.9,0.351,590
2025-05-08T00:00:00.000Z,0.45,4.4,1.23,0.9,1.88,0.737,590
2025-05-09T00:00:00.000Z,0.3,1.92,0.75,0.6,0.9,0.235,592
2025-05-10T00:00:00.000Z,0.4,2.08,0.93,0.8,1.1,0.251,593
2025-05-11T00:00:00.000Z,0.2,2.6,0.7,0.5,0.9,0.291,593
2025-05-12T00:00:00.000Z,0.17,0.95,0.4,0.3,0.47,0.107,591
2025-05-13T00:00:00.000Z,0.32,393.65,0.8,0.7,1.21,31.795,593
2025-05-14T00:00:00.000Z,0.63,10.63,1.52,1.25,2.82,1.977,593
2025-05-15T00:00:00.000Z,0.35,7.82,1,0.8,1.83,1.514,594
2025-05-16T00:00:00.000Z,0.2,2.5,0.75,0.52,1,0.306,593
2025-05-17T00:00:00.000Z,0.4,9.1,1,0.7,1.65,1.811,593
2025-05-18T00:00:00.000Z,0.5,2.45,0.9,0.8,1.1,0.263,590
2025-05-19T00:00:00.000Z,0.47,6.38,1.1,0.9,1.3,0.465,591
2025-05-20T00:00:00.000Z,0.2,2.35,0.65,0.52,0.8,0.24,592
2025-05-21T00:00:00.000Z,0.4,4.07,0.82,0.64,1.17,0.397,592
2025-05-22T00:00:00.000Z,0.4,30.05,1,0.7,1.7,1.63,594
2025-05-23T00:00:00.000Z,0.2,3.42,0.73,0.5,1,0.396,593
2025-05-24T00:00:00.000Z,0.2,7.15,1.23,0.7,1.98,1.014,591
2025-05-25T00:00:00.000Z,0.6,15.85,1.17,0.9,1.87,1.36,417
2025-05-26T00:00:00.000Z,0.4,3.65,0.8,0.65,0.95,0.305,455
2025-05-27T00:00:00.000Z,0.3,74,0.9,0.7,5.26,5.567,593
2025-05-28T00:00:00.000Z,0.2,5.43,1.3,0.8,2.2,1.14,594
2025-05-29T00:00:00.000Z,0.1,2.15,0.52,0.4,0.7,0.273,593
2025-05-30T00:00:00.000Z,0.3,1.63,0.63,0.5,0.8,0.205,593
2025-05-31T00:00:00.000Z,0.32,3.03,1.45,1.12,1.75,0.508,593
2025-06-01T00:00:00.000Z,0.56,5.18,1.21,1,1.5,0.435,592
2025-06-02T00:00:00.000Z,0.45,78.65,2,1.35,3.83,4.66,590
2025-06-03T00:00:00.000Z,0.65,4.45,1.5,1.1,2,0.755,591
2025-06-04T00:00:00.000Z,0.65,3.88,1.4,1.05,1.95,0.591,589
2025-06-05T00:00:00.000Z,0.4,120.57,1.87,1,4.12,7.33,592
2025-06-06T00:00:00.000Z,0.3,3.35,1.1,0.7,1.63,0.608,593
2025-06-07T00:00:00.000Z,0.1,127.93,1.3,0.75,7.3,13.759,592
2025-06-08T00:00:00.000Z,0.8,11.88,3.58,2.92,4.45,1.809,587
2025-06-09T00:00:00.000Z,0.6,4.25,2.14,1.55,2.62,0.729,592
2025-06-10T00:00:00.000Z,1.98,30.8,6.15,3.44,7.71,3.429,592
2025-06-11T00:00:00.000Z,1.98,8.32,2.97,2.63,5.09,1.428,587
2025-06-12T00:00:00.000Z,1.1,3.92,2.08,1.77,2.58,0.558,524
2025-06-13T00:00:00.000Z,1.6,4.2,2.7,2.38,3.1,0.469,592
2025-06-14T00:00:00.000Z,0.8,3.55,1.88,1.48,2.15,0.492,593
2025-06-15T00:00:00.000Z,1.12,3.47,1.75,1.6,2,0.444,372
2025-06-16T00:00:00.000Z,0.8,2.7,1.3,1.17,1.5,0.297,453
2025-06-17T00:00:00.000Z,0.5,1.95,1.1,0.95,1.23,0.207,593
2025-06-18T00:00:00.000Z,0.7,2.35,1.45,1.25,1.67,0.291,594
2025-06-19T00:00:00.000Z,1.27,3.53,2.1,1.87,2.38,0.37,592
2025-06-20T00:00:00.000Z,0.43,1.88,0.9,0.7,1.08,0.253,589
2025-06-21T00:00:00.000Z,0.56,1.95,1.12,1,1.33,0.229,589
2025-06-22T00:00:00.000Z,0.8,2.8,1.4,1.2,1.6,0.316,594
2025-06-23T00:00:00.000Z,0.77,2.04,1.33,1.2,1.48,0.204,593
2025-06-24T00:00:00.000Z,0.3,1.7,0.7,0.6,0.85,0.204,595
2025-06-25T00:00:00.000Z,0.4,13.63,1,0.73,1.92,0.974,594
2025-06-26T00:00:00.000Z,0.9,3.9,2.13,1.63,2.63,0.611,594
2025-06-27T00:00:00.000Z,0.1,2.88,1.2,0.47,1.67,0.685,592
2025-06-28T00:00:00.000Z,0.2,3.53,0.82,0.63,1,0.326,594
2025-06-29T00:00:00.000Z,0.63,18.73,1.73,1.38,2,1.082,593
2025-06-30T00:00:00.000Z,0.8,4.43,1.91,1.42,2.47,0.758,422
2025-07-01T00:00:00.000Z,0.5,3.25,1.14,0.95,1.4,0.37,592
2025-07-02T00:00:00.000Z,0.32,2.54,1.2,0.9,1.52,0.414,593
2025-07-03T00:00:00.000Z,0.6,118.6,2.75,2.34,3.2,11.898,593
2025-07-04T00:00:00.000Z,0.82,2.97,1.6,1.4,1.9,0.35,593
2025-07-05T00:00:00.000Z,1.33,6.05,2.42,1.98,3.08,0.894,593
2025-07-06T00:00:00.000Z,0.56,19.23,1.3,1,1.9,1.887,543
2025-07-07T00:00:00.000Z,0.1,430.6,0.85,0.6,1.25,37.856,592
2025-07-08T00:00:00.000Z,0.15,3.75,0.6,0.4,0.82,0.403,594
2025-07-09T00:00:00.000Z,0.4,160.02,1.1,0.8,1.4,12.782,593
2025-07-10T00:00:00.000Z,0.55,93.32,1.23,0.98,1.63,5.741,594
2025-07-11T00:00:00.000Z,0.38,2.35,0.9,0.7,1.1,0.329,594
2025-07-12T00:00:00.000Z,0.35,3.42,1.3,0.9,1.58,0.496,594
2025-07-13T00:00:00.000Z,0.8,13.85,1.85,1.3,2.2,1.089,590
2025-07-14T00:00:00.000Z,0.5,16.64,1.6,1.3,1.88,1.466,593
2025-07-15T00:00:00.000Z,0.82,185.32,2.4,1.75,3.45,11.389,593
2025-07-16T00:00:00.000Z,0.2,107.73,1.9,0.88,2.54,8.515,594
2025-07-17T00:00:00.000Z,0.2,2.15,1.1,0.8,1.3,0.396,595
2025-07-18T00:00:00.000Z,0.52,4.32,1.33,1.08,1.52,0.417,593
2025-07-19T00:00:00.000Z,0.77,4.28,1.5,1.27,1.9,0.588,594
2025-07-20T00:00:00.000Z,0.5,8.4,1.35,1.02,1.62,0.614,588
2025-07-21T00:00:00.000Z,0.38,2.2,0.8,0.7,1.04,0.283,593
2025-07-22T00:00:00.000Z,0.15,1.75,0.43,0.32,0.68,0.238,593
2025-07-23T00:00:00.000Z,0.2,100.8,0.8,0.5,1.12,8.705,594
2025-07-24T00:00:00.000Z,0.5,43.4,1.2,0.9,1.7,4.441,591
2025-07-25T00:00:00.000Z,0.5,3.2,1.3,0.98,1.73,0.504,594
2025-07-26T00:00:00.000Z,0.47,25.85,2.22,0.93,3.3,2.119,595
2025-07-27T00:00:00.000Z,1.1,6.28,2.29,1.87,2.83,0.739,592
2025-07-28T00:00:00.000Z,0.5,3.6,1.3,1.08,1.85,0.538,593
2025-07-29T00:00:00.000Z,0.73,3.45,1.52,1.2,2.04,0.561,594
2025-07-30T00:00:00.000Z,0.6,7.4,1.48,1.1,1.8,0.604,595
2025-07-31T00:00:00.000Z,0.6,3.6,1.35,1.1,1.67,0.41,591
2025-08-01T00:00:00.000Z,0.55,4.82,1.12,0.98,1.35,0.53,591
2025-08-02T00:00:00.000Z,0.52,360.92,1.94,1.12,2.63,24.088,594
2025-08-03T00:00:00.000Z,0.5,3.33,1.33,1.1,1.6,0.389,593
2025-08-04T00:00:00.000Z,0.4,39.58,1.5,0.98,2.25,2.484,590
2025-08-05T00:00:00.000Z,0.6,19.52,1.23,0.98,1.6,1.147,565
2025-08-06T00:00:00.000Z,0.3,1.8,0.73,0.6,0.9,0.224,525
2025-08-07T00:00:00.000Z,0.35,1.75,0.7,0.56,0.8,0.206,569
2025-08-08T00:00:00.000Z,0.6,3.78,1.12,0.93,1.58,0.586,578
2025-08-09T00:00:00.000Z,0.73,4.07,2.45,2.02,2.92,0.757,576
2025-08-10T00:00:00.000Z,1.8,53.05,4.75,3.39,5.9,2.935,592
2025-08-11T00:00:00.000Z,2.67,84.38,5.03,3.92,5.57,6.09,593
2025-08-12T00:00:00.000Z,1.45,5.13,3.13,2.5,3.63,0.705,594
2025-08-13T00:00:00.000Z,2.1,36.67,4.75,3.5,5.71,2.013,581
2025-08-14T00:00:00.000Z,2.35,12.9,4.47,3.63,8.09,2.57,588
2025-08-15T00:00:00.000Z,2.38,9.55,4.2,3.5,4.9,1.139,507
2025-08-16T00:00:00.000Z,2.8,10.32,6.55,3.96,7.95,2.079,585
2025-08-17T00:00:00.000Z,0.8,6.1,3.28,2.4,3.95,1.048,590
2025-08-18T00:00:00.000Z,0.5,5.72,1.17,0.9,1.47,0.581,592
2025-08-19T00:00:00.000Z,0.43,8.94,0.9,0.77,1.1,0.475,594
2025-08-20T00:00:00.000Z,0.45,1.95,1.05,0.8,1.2,0.273,578
2025-08-21T00:00:00.000Z,0.77,24.65,2.5,1.58,3.13,1.729,387
2025-08-22T00:00:00.000Z,0.2,2.5,0.63,0.52,0.8,0.286,385
2025-08-23T00:00:00.000Z,0.2,22.98,1.2,0.7,2.14,1.891,589
2025-08-24T00:00:00.000Z,0.4,89.8,1.08,0.8,1.67,5.683,593
2025-08-25T00:00:00.000Z,0.32,2.5,0.77,0.63,0.95,0.268,594
2025-08-26T00:00:00.000Z,0.4,6.15,1.29,1,1.52,0.614,594
2025-08-27T00:00:00.000Z,0.8,5.57,2.9,1.8,3.55,1.154,592
2025-08-28T00:00:00.000Z,0.4,14.07,2.97,1.6,5.07,2.081,594
2025-08-29T00:00:00.000Z,0.17,80.45,0.7,0.52,0.9,3.924,594
2025-08-30T00:00:00.000Z,0.2,1.95,0.56,0.45,0.7,0.225,594
2025-08-31T00:00:00.000Z,0.2,54.55,0.6,0.5,0.8,6.101,592
2025-09-01T00:00:00.000Z,0.25,16.1,0.8,0.6,1.08,1.418,593
2025-09-02T00:00:00.000Z,0.15,2.15,0.45,0.4,0.55,0.204,594
2025-09-03T00:00:00.000Z,0.15,1.7,0.4,0.3,0.5,0.191,593
2025-09-04T00:00:00.000Z,0.2,1.48,0.6,0.47,0.82,0.276,594
2025-09-05T00:00:00.000Z,0.13,2.13,0.75,0.5,0.95,0.309,470
2025-09-06T00:00:00.000Z,0.3,0.5,0.42,0.32,0.5,0.078,6
2025-09-07T00:00:00.000Z,0.45,1.77,0.93,0.8,1.1,0.223,255
2025-09-08T00:00:00.000Z,0.5,2.2,1.02,0.8,1.38,0.366,308
2025-09-09T00:00:00.000Z,0.6,2.88,1.3,1.1,1.45,0.298,592
2025-09-10T00:00:00.000Z,0.2,2.54,0.6,0.5,0.7,0.22,559
2025-09-11T00:00:00.000Z,0.1,1.9,0.6,0.4,1,0.382,588
2025-09-12T00:00:00.000Z,0.1,0.9,0.4,0.3,0.5,0.141,595
2025-09-13T00:00:00.000Z,0.1,0.98,0.43,0.3,0.55,0.155,594
2025-09-14T00:00:00.000Z,0.08,1.14,0.43,0.3,0.6,0.182,595
2025-09-15T00:00:00.000Z,0.05,0.73,0.3,0.2,0.35,0.107,504
2025-09-16T00:00:00.000Z,0.1,1.23,0.32,0.28,0.4,0.138,594
2025-09-17T00:00:00.000Z,0.03,0.8,0.3,0.2,0.4,0.121,594
2025-09-18T00:00:00.000Z,0.1,1.05,0.4,0.3,0.52,0.153,593
2025-09-19T00:00:00.000Z,0.28,1.6,0.8,0.7,0.95,0.21,576
2025-09-20T00:00:00.000Z,0.55,3.97,1.2,0.9,1.45,0.573,467
2025-09-21T00:00:00.000Z,0.6,3.83,1.58,1.19,2.34,0.726,593
2025-09-22T00:00:00.000Z,0.1,0.95,0.32,0.3,0.46,0.154,589
2025-09-23T00:00:00.000Z,0.1,0.88,0.38,0.3,0.47,0.129,583
2025-09-24T00:00:00.000Z,0.2,1.58,0.5,0.4,0.6,0.127,593
2025-09-25T00:00:00.000Z,0.08,0.77,0.2,0.2,0.3,0.112,593
2025-09-26T00:00:00.000Z,0.1,0.93,0.4,0.3,0.5,0.121,591
2025-09-27T00:00:00.000Z,0.55,2.85,1.14,1,1.35,0.341,594
2025-09-28T00:00:00.000Z,0.93,2.83,1.58,1.4,1.73,0.239,589
2025-09-29T00:00:00.000Z,0.8,2.35,1.39,1.2,1.58,0.279,592
2025-09-30T00:00:00.000Z,0.8,1.88,1.25,1.1,1.4,0.207,592
2025-10-01T00:00:00.000Z,0.9,2.13,1.35,1.23,1.5,0.208,582
2025-10-02T00:00:00.000Z,1.33,3.8,2,1.8,2.25,0.395,567
2025-10-03T00:00:00.000Z,0.8,4.03,2.2,1.55,2.84,0.765,549
2025-10-04T00:00:00.000Z,0.3,3.33,1.3,0.82,1.77,0.646,590
2025-10-05T00:00:00.000Z,0.05,1.17,0.3,0.2,0.4,0.126,591
2025-10-06T00:00:00.000Z,0.1,0.95,0.4,0.32,0.5,0.143,594
2025-10-07T00:00:00.000Z,0.1,0.93,0.3,0.28,0.4,0.126,576
2025-10-08T00:00:00.000Z,0.25,1.17,0.6,0.5,0.7,0.132,567
2025-10-09T00:00:00.000Z,0.2,1.12,0.5,0.4,0.62,0.169,545
2025-10-10T00:00:00.000Z,0.32,2.15,0.9,0.7,1.2,0.34,586
2025-10-11T00:00:00.000Z,0.8,1.95,1.3,1.14,1.42,0.201,550
2025-10-12T00:00:00.000Z,0.75,2.47,1.4,1.23,1.55,0.224,558
2025-10-13T00:00:00.000Z,0.5,1.75,1.08,0.9,1.2,0.218,592
2025-10-14T00:00:00.000Z,0.56,6.38,0.95,0.8,1.3,1.116,589
2025-10-15T00:00:00.000Z,0.63,91.3,1.85,1.27,3.38,4.397,587
2025-10-16T00:00:00.000Z,0.35,2.42,0.72,0.63,0.85,0.221,506
2025-10-17T00:00:00.000Z,0.2,1.27,0.5,0.4,0.55,0.146,589
2025-10-18T00:00:00.000Z,0.1,1.33,0.5,0.4,0.6,0.185,593
2025-10-19T00:00:00.000Z,0.3,2.29,1,0.8,1.3,0.372,594
2025-10-20T00:00:00.000Z,0.47,2.88,0.9,0.75,1.1,0.231,591
2025-10-21T00:00:00.000Z,0.9,2.42,1.35,1.2,1.5,0.207,593
2025-10-22T00:00:00.000Z,0.9,2.6,1.55,1.38,1.75,0.279,588
2025-10-23T00:00:00.000Z,0.3,2.08,1.17,0.82,1.38,0.356,589
2025-10-24T00:00:00.000Z,0,1.3,0.28,0.2,0.65,0.297,561
2025-10-25T00:00:00.000Z,0.1,1.3,0.45,0.3,0.6,0.22,409
2025-10-26T00:00:00.000Z,0.1,0.6,0.2,0.2,0.3,0.088,348
2025-10-27T00:00:00.000Z,0,0.83,0.2,0.13,0.23,0.1,337
2025-10-28T00:00:00.000Z,0.1,0.83,0.23,0.2,0.3,0.112,339
2025-10-29T00:00:00.000Z,0.1,1.17,0.3,0.2,0.4,0.213,436
2025-10-30T00:00:00.000Z,0.2,1.73,0.7,0.52,0.9,0.276,414
2025-10-31T00:00:00.000Z,0.6,2.15,1.2,1,1.45,0.311,387
2025-11-01T00:00:00.000Z,0.7,2.13,1.3,1.1,1.6,0.327,362
2025-11-02T00:00:00.000Z,0.5,1.6,1,0.8,1.2,0.243,313
2025-11-03T00:00:00.000Z,0.1,1.97,0.4,0.3,0.7,0.402,311
2025-11-04T00:00:00.000Z,0.5,2.4,1.33,1,1.63,0.414,315
2025-11-05T00:00:00.000Z,0.7,2.5,1.37,1.1,1.6,0.343,325
2025-11-06T00:00:00.000Z,1,2.23,1.58,1.4,1.75,0.234,342
2025-11-07T00:00:00.000Z,1.1,2.83,1.83,1.63,2.06,0.311,344
2025-11-08T00:00:00.000Z,0.87,2.83,1.75,1.45,2.1,0.408,489
2025-11-09T00:00:00.000Z,1.73,4.07,2.7,2.4,3,0.409,591
2025-11-10T00:00:00.000Z,1,2.7,1.77,1.55,2,0.302,593
2025-11-11T00:00:00.000Z,0.77,1.88,1.23,1.1,1.35,0.177,593
2025-11-12T00:00:00.000Z,0.45,2.1,0.96,0.8,1.23,0.299,594
2025-11-13T00:00:00.000Z,0.6,5.09,1.54,1.2,1.95,0.756,594
2025-11-14T00:00:00.000Z,0.9,12.25,1.6,1.4,1.92,1.193,593
2025-11-15T00:00:00.000Z,1,5.63,3.2,2.02,3.75,1,594
2025-11-16T00:00:00.000Z,1.67,8.57,2.9,2.47,3.38,0.861,594
2025-11-17T00:00:00.000Z,0.15,5.22,1.83,0.7,2.25,0.914,594
2025-11-18T00:00:00.000Z,0.1,0.6,0.25,0.2,0.3,0.092,69